"year","season_id","team_id","date","home_team","home_team_id","home_team_score","home_team_conference","home_team_conference_id","home_team_division","away_team","away_team_id","away_team_score","away_team_conference","away_team_conference_id","away_team_division","neutral_site","game_result","innings","slug","game_info_url","contest_id","division"
2025,16779,597209,"02/14/2025","Adrian",597209,7,"Michigan Intercol. Ath. Assn.",873,3,"Berry ",597100,1,"SAA",30169,3,"LaGrange, GA","W",NA,"/contests/6339840/box_score","https://stats.ncaa.org/contests/6339840/box_score",6339840,3
2025,16779,597209,"02/15/2025","Adrian",597209,20,"Michigan Intercol. Ath. Assn.",873,3,"Pfeiffer ",597351,5,"USA South",842,3,"LaGrange, GA","W",NA,"/contests/6358916/box_score","https://stats.ncaa.org/contests/6358916/box_score",6358916,3
2025,16779,597209,"02/15/2025","LaGrange",597117,13,"CCS",30251,3,"Adrian",597209,2,"Michigan Intercol. Ath. Assn.",873,3,NA,"L",NA,"/contests/6339998/box_score","https://stats.ncaa.org/contests/6339998/box_score",6339998,3
2025,16779,597209,"03/01/2025","Adrian",597209,NA,"Michigan Intercol. Ath. Assn.",873,3,"Hendrix ",597113,NA,"SAA",30169,3,"Marshall, TX",NA,NA,NA,NA,NA,3
2025,16779,597205,"02/16/2025","Ferrum",597279,3,"ODAC",903,3,"Alfred St.",597205,12,"AMCC",30022,3,NA,"W",NA,"/contests/6339932/box_score","https://stats.ncaa.org/contests/6339932/box_score",6339932,3
2025,16779,597205,"02/16/2025","Ferrum",597279,6,"ODAC",903,3,"Alfred St.",597205,18,"AMCC",30022,3,NA,"W",NA,"/contests/6349443/box_score","https://stats.ncaa.org/contests/6349443/box_score",6349443,3
2025,16779,597205,"02/17/2025","Ferrum",597279,9,"ODAC",903,3,"Alfred St.",597205,11,"AMCC",30022,3,NA,"W",NA,"/contests/6340071/box_score","https://stats.ncaa.org/contests/6340071/box_score",6340071,3
2025,16779,597094,"02/22/2025","Alvernia",597094,4,"MAC Commonwealth",28744,3,"Moravian ",597353,3,"Landmark",30101,3,"Aston, PA","W",NA,"/contests/6340499/box_score","https://stats.ncaa.org/contests/6340499/box_score",6340499,3
2025,16779,597094,"02/22/2025","Alvernia",597094,7,"MAC Commonwealth",28744,3,"Moravian ",597353,2,"Landmark",30101,3,"Aston, PA","W",NA,"/contests/6349643/box_score","https://stats.ncaa.org/contests/6349643/box_score",6349643,3
2025,16779,597099,"02/14/2025","Kean",597310,4,"NJAC",891,3,"Arcadia",597099,3,"MAC Freedom",28745,3,NA,"L",NA,"/contests/6339799/box_score","https://stats.ncaa.org/contests/6339799/box_score",6339799,3
2025,16779,597096,"02/07/2025","Austin",597096,2,"SCAC",835,3,"Mary Hardin-Baylor",597124,4,"ASC",14825,3,NA,"L",NA,"/contests/6339519/box_score","https://stats.ncaa.org/contests/6339519/box_score",6339519,3
2025,16779,597096,"02/08/2025","Austin",597096,7,"SCAC",835,3,"Mary Hardin-Baylor",597124,14,"ASC",14825,3,NA,"L",NA,"/contests/6339573/box_score","https://stats.ncaa.org/contests/6339573/box_score",6339573,3
2025,16779,597096,"02/08/2025","Austin",597096,8,"SCAC",835,3,"Mary Hardin-Baylor",597124,13,"ASC",14825,3,NA,"L",NA,"/contests/6349317/box_score","https://stats.ncaa.org/contests/6349317/box_score",6349317,3
2025,16779,597096,"02/14/2025","Trinity (TX)",597049,10,"SCAC",835,3,"Austin",597096,2,"SCAC",835,3,NA,"L",NA,"/contests/6339853/box_score","https://stats.ncaa.org/contests/6339853/box_score",6339853,3
2025,16779,597096,"02/15/2025","Trinity (TX)",597049,27,"SCAC",835,3,"Austin",597096,4,"SCAC",835,3,NA,"L",NA,"/contests/6340050/box_score","https://stats.ncaa.org/contests/6340050/box_score",6340050,3
2025,16779,597096,"02/15/2025","Trinity (TX)",597049,19,"SCAC",835,3,"Austin",597096,8,"SCAC",835,3,NA,"L",NA,"/contests/6340000/box_score","https://stats.ncaa.org/contests/6340000/box_score",6340000,3
2025,16779,597220,"02/08/2025","Averett",597220,6,"ODAC",903,3,"Brevard",597352,1,"USA South",842,3,NA,"W",NA,"/contests/6339566/box_score","https://stats.ncaa.org/contests/6339566/box_score",6339566,3
2025,16779,597220,"02/08/2025","Averett",597220,6,"ODAC",903,3,"Brevard",597352,5,"USA South",842,3,NA,"W",NA,"/contests/6349310/box_score","https://stats.ncaa.org/contests/6349310/box_score",6349310,3
2025,16779,597220,"02/09/2025","Averett",597220,10,"ODAC",903,3,"Brevard",597352,5,"USA South",842,3,NA,"W",NA,"/contests/6339643/box_score","https://stats.ncaa.org/contests/6339643/box_score",6339643,3
2025,16779,597220,"02/18/2025","Averett",597220,1,"ODAC",903,3,"Grove City",597288,14,"PAC",907,3,NA,"L",NA,"/contests/6358845/box_score","https://stats.ncaa.org/contests/6358845/box_score",6358845,3
2025,16779,597220,"02/18/2025","Averett",597220,5,"ODAC",903,3,"Grove City",597288,2,"PAC",907,3,NA,"W",NA,"/contests/6358846/box_score","https://stats.ncaa.org/contests/6358846/box_score",6358846,3
2025,16779,597220,"02/22/2025","Greensboro",597286,12,"USA South",842,3,"Averett",597220,8,"ODAC",903,3,NA,"L",NA,"/contests/6340461/box_score","https://stats.ncaa.org/contests/6340461/box_score",6340461,3
2025,16779,597220,"02/22/2025","Greensboro",597286,9,"USA South",842,3,"Averett",597220,11,"ODAC",903,3,NA,"W","10","/contests/6349614/box_score","https://stats.ncaa.org/contests/6349614/box_score",6349614,3
2025,16779,597225,"02/22/2025","Baruch",597225,9,"CUNYAC",834,3,"SUNY Canton ",597203,1,"SUNYAC",917,3,"Yaphank, NY","W",NA,"/contests/6340377/box_score","https://stats.ncaa.org/contests/6340377/box_score",6340377,3
2025,16779,597225,"02/22/2025","Baruch",597225,4,"CUNYAC",834,3,"SUNY Canton ",597203,5,"SUNYAC",917,3,"Yaphank, NY","L","9","/contests/6349568/box_score","https://stats.ncaa.org/contests/6349568/box_score",6349568,3
2025,16779,597223,"02/21/2025","Ferrum",597279,15,"ODAC",903,3,"Bates",597223,9,"NESCAC",12817,3,NA,"L",NA,"/contests/6340307/box_score","https://stats.ncaa.org/contests/6340307/box_score",6340307,3
2025,16779,597223,"02/22/2025","Ferrum",597279,3,"ODAC",903,3,"Bates",597223,4,"NESCAC",12817,3,NA,"W",NA,"/contests/6340200/box_score","https://stats.ncaa.org/contests/6340200/box_score",6340200,3
2025,16779,597223,"02/22/2025","Ferrum",597279,6,"ODAC",903,3,"Bates",597223,5,"NESCAC",12817,3,NA,"L","8","/contests/6340446/box_score","https://stats.ncaa.org/contests/6340446/box_score",6340446,3
2025,16779,597339,"02/14/2025","Belhaven",597339,7,"CCS",30251,3,"Mt. St. Mary (NY)",597140,3,"Skyline",13054,3,NA,"W",NA,"/contests/6362076/box_score","https://stats.ncaa.org/contests/6362076/box_score",6362076,3
2025,16779,597339,"02/15/2025","Belhaven",597339,27,"CCS",30251,3,"Mt. St. Mary (NY)",597140,3,"Skyline",13054,3,NA,"W",NA,"/contests/6339825/box_score","https://stats.ncaa.org/contests/6339825/box_score",6339825,3
2025,16779,597339,"02/15/2025","Belhaven",597339,12,"CCS",30251,3,"Mt. St. Mary (NY)",597140,0,"Skyline",13054,3,NA,"W",NA,"/contests/6339981/box_score","https://stats.ncaa.org/contests/6339981/box_score",6339981,3
2025,16779,597339,"02/18/2025","Belhaven",597339,4,"CCS",30251,3,"Rhodes",597011,7,"SAA",30169,3,NA,"L",NA,"/contests/6340166/box_score","https://stats.ncaa.org/contests/6340166/box_score",6340166,3
2025,16779,597339,"02/21/2025","East Tex. Baptist",597105,11,"ASC",14825,3,"Belhaven",597339,3,"CCS",30251,3,NA,"L",NA,"/contests/6340360/box_score","https://stats.ncaa.org/contests/6340360/box_score",6340360,3
2025,16779,597339,"02/22/2025","East Tex. Baptist",597105,3,"ASC",14825,3,"Belhaven",597339,0,"CCS",30251,3,NA,"L",NA,"/contests/6340544/box_score","https://stats.ncaa.org/contests/6340544/box_score",6340544,3
2025,16779,597339,"02/22/2025","East Tex. Baptist",597105,3,"ASC",14825,3,"Belhaven",597339,5,"CCS",30251,3,NA,"W",NA,"/contests/6349683/box_score","https://stats.ncaa.org/contests/6349683/box_score",6349683,3
2025,16779,597100,"02/07/2025","Emory",597276,12,"UAA",1471,3,"Berry",597100,11,"SAA",30169,3,NA,"L",NA,"/contests/6339467/box_score","https://stats.ncaa.org/contests/6339467/box_score",6339467,3
2025,16779,597100,"02/08/2025","Berry",597100,28,"SAA",30169,3,"Emory",597276,13,"UAA",1471,3,NA,"W",NA,"/contests/6339614/box_score","https://stats.ncaa.org/contests/6339614/box_score",6339614,3
2025,16779,597100,"02/08/2025","Berry",597100,17,"SAA",30169,3,"Emory",597276,8,"UAA",1471,3,NA,"W",NA,"/contests/6349339/box_score","https://stats.ncaa.org/contests/6349339/box_score",6349339,3
2025,16779,597100,"02/15/2025","Berry",597100,15,"SAA",30169,3,"Pfeiffer ",597351,9,"USA South",842,3,"LaGrange, GA","W",NA,"/contests/6339861/box_score","https://stats.ncaa.org/contests/6339861/box_score",6339861,3
2025,16779,597100,"02/16/2025","LaGrange",597117,9,"CCS",30251,3,"Berry",597100,2,"SAA",30169,3,NA,"L",NA,"/contests/6340120/box_score","https://stats.ncaa.org/contests/6340120/box_score",6340120,3
2025,16779,597100,"02/18/2025","Berry",597100,11,"SAA",30169,3,"Brandeis",597230,10,"UAA",1471,3,NA,"W",NA,"/contests/6340155/box_score","https://stats.ncaa.org/contests/6340155/box_score",6340155,3
2025,16779,597100,"02/21/2025","Berry",597100,11,"SAA",30169,3,"Swarthmore ",597045,1,"Centennial",9683,3,"Kannapolis, NC","W",NA,"/contests/6340361/box_score","https://stats.ncaa.org/contests/6340361/box_score",6340361,3
2025,16779,597100,"02/22/2025","Pfeiffer",597351,9,"USA South",842,3,"Berry",597100,17,"SAA",30169,3,NA,"W",NA,"/contests/6340613/box_score","https://stats.ncaa.org/contests/6340613/box_score",6340613,3
2025,16779,597230,"02/16/2025","Oglethorpe",597142,2,"SAA",30169,3,"Brandeis",597230,3,"UAA",1471,3,NA,"W",NA,"/contests/6340114/box_score","https://stats.ncaa.org/contests/6340114/box_score",6340114,3
2025,16779,597230,"02/16/2025","Oglethorpe",597142,11,"SAA",30169,3,"Brandeis",597230,6,"UAA",1471,3,NA,"L",NA,"/contests/6349519/box_score","https://stats.ncaa.org/contests/6349519/box_score",6349519,3
2025,16779,597230,"02/17/2025","Sewanee",597037,6,"SAA",30169,3,"Brandeis",597230,4,"UAA",1471,3,NA,"L",NA,"/contests/6340128/box_score","https://stats.ncaa.org/contests/6340128/box_score",6340128,3
2025,16779,597352,"02/14/2025","Brevard",597352,1,"USA South",842,3,"Toccoa Falls",NA,4,NA,NA,NA,NA,"L",NA,"/contests/6339927/box_score","https://stats.ncaa.org/contests/6339927/box_score",6339927,3
2025,16779,597352,"02/14/2025","Brevard",597352,7,"USA South",842,3,"Toccoa Falls",NA,3,NA,NA,NA,NA,"W",NA,"/contests/6349438/box_score","https://stats.ncaa.org/contests/6349438/box_score",6349438,3
2025,16779,597352,"02/17/2025","Guilford",597111,13,"ODAC",903,3,"Brevard",597352,12,"USA South",842,3,NA,"L","10","/contests/6340197/box_score","https://stats.ncaa.org/contests/6340197/box_score",6340197,3
2025,16779,597352,"02/22/2025","Brevard",597352,NA,"USA South",842,3,"Carthage ",597242,NA,"CCIW",836,3,"Danville, KY",NA,NA,"/contests/6340609/box_score","https://stats.ncaa.org/contests/6340609/box_score",6340609,3
2025,16779,597243,"02/22/2025","CWRU",597243,5,"UAA",1471,3,"Mount Union ",597355,9,"OAC",901,3,"Westfield, IN","L",NA,"/contests/6340579/box_score","https://stats.ncaa.org/contests/6340579/box_score",6340579,3
2025,16779,597237,"02/14/2025","Cal Lutheran",597237,7,"SCIAC",910,3,"George Fox",597108,4,"NWC",25300,3,NA,"W",NA,"/contests/6339779/box_score","https://stats.ncaa.org/contests/6339779/box_score",6339779,3
2025,16779,597237,"02/15/2025","Cal Lutheran",597237,2,"SCIAC",910,3,"George Fox",597108,8,"NWC",25300,3,NA,"L",NA,"/contests/6339873/box_score","https://stats.ncaa.org/contests/6339873/box_score",6339873,3
2025,16779,597237,"02/15/2025","Cal Lutheran",597237,9,"SCIAC",910,3,"George Fox",597108,0,"NWC",25300,3,NA,"W",NA,"/contests/6349393/box_score","https://stats.ncaa.org/contests/6349393/box_score",6349393,3
2025,16779,597237,"02/21/2025","Cal Lutheran",597237,11,"SCIAC",910,3,"Caltech",597236,1,"SCIAC",910,3,NA,"W",NA,"/contests/6349591/box_score","https://stats.ncaa.org/contests/6349591/box_score",6349591,3
2025,16779,597236,"02/14/2025","Caltech",597236,0,"SCIAC",910,3,"UChicago",597250,7,"UAA",1471,3,NA,"L",NA,"/contests/6339792/box_score","https://stats.ncaa.org/contests/6339792/box_score",6339792,3
2025,16779,597236,"02/15/2025","Caltech",597236,3,"SCIAC",910,3,"UChicago",597250,6,"UAA",1471,3,NA,"L",NA,"/contests/6339884/box_score","https://stats.ncaa.org/contests/6339884/box_score",6339884,3
2025,16779,597236,"02/15/2025","Caltech",597236,7,"SCIAC",910,3,"UChicago",597250,8,"UAA",1471,3,NA,"L",NA,"/contests/6349404/box_score","https://stats.ncaa.org/contests/6349404/box_score",6349404,3
2025,16779,597239,"02/14/2025","Sewanee",597037,11,"SAA",30169,3,"Capital",597239,1,"OAC",901,3,NA,"L",NA,"/contests/6358681/box_score","https://stats.ncaa.org/contests/6358681/box_score",6358681,3
2025,16779,597239,"02/14/2025","Sewanee",597037,4,"SAA",30169,3,"Capital",597239,2,"OAC",901,3,NA,"L",NA,"/contests/6339776/box_score","https://stats.ncaa.org/contests/6339776/box_score",6339776,3
2025,16779,597239,"02/15/2025","Sewanee",597037,24,"SAA",30169,3,"Capital",597239,14,"OAC",901,3,NA,"L",NA,"/contests/6339994/box_score","https://stats.ncaa.org/contests/6339994/box_score",6339994,3
2025,16779,597242,"02/22/2025","Brevard ",597352,NA,"USA South",842,3,"Carthage",597242,NA,"CCIW",836,3,"Danville, KY",NA,NA,"/contests/6340396/box_score","https://stats.ncaa.org/contests/6340396/box_score",6340396,3
2025,16779,597248,"02/14/2025","Centre",597248,2,"SAA",30169,3,"Wooster",597089,1,"NCAC",897,3,NA,"W",NA,"/contests/6358448/box_score","https://stats.ncaa.org/contests/6358448/box_score",6358448,3
2025,16779,597248,"02/14/2025","Centre",597248,1,"SAA",30169,3,"Wooster",597089,3,"NCAC",897,3,NA,"L",NA,"/contests/6358447/box_score","https://stats.ncaa.org/contests/6358447/box_score",6358447,3
2025,16779,597249,"02/14/2025","Chapman",597249,0,"SCIAC",910,3,"Piedmont",597168,3,"CCS",30251,3,NA,"L","12","/contests/6339778/box_score","https://stats.ncaa.org/contests/6339778/box_score",6339778,3
2025,16779,597249,"02/15/2025","Chapman",597249,3,"SCIAC",910,3,"Piedmont",597168,9,"CCS",30251,3,NA,"L",NA,"/contests/6339953/box_score","https://stats.ncaa.org/contests/6339953/box_score",6339953,3
2025,16779,597249,"02/16/2025","Chapman",597249,2,"SCIAC",910,3,"Piedmont",597168,4,"CCS",30251,3,NA,"L",NA,"/contests/6340029/box_score","https://stats.ncaa.org/contests/6340029/box_score",6340029,3
2025,16779,597249,"02/21/2025","Chapman",597249,2,"SCIAC",910,3,"Pomona-Pitzer",597003,13,"SCIAC",910,3,NA,"L",NA,"/contests/6340270/box_score","https://stats.ncaa.org/contests/6340270/box_score",6340270,3
2025,16779,597249,"02/22/2025","Pomona-Pitzer",597003,11,"SCIAC",910,3,"Chapman",597249,10,"SCIAC",910,3,NA,"L",NA,"/contests/6340402/box_score","https://stats.ncaa.org/contests/6340402/box_score",6340402,3
2025,16779,597251,"02/14/2025","Chris. Newport",597251,8,"C2C",15810,3,"Messiah",597332,2,"MAC Commonwealth",28744,3,NA,"W",NA,"/contests/6358653/box_score","https://stats.ncaa.org/contests/6358653/box_score",6358653,3
2025,16779,597251,"02/14/2025","Chris. Newport",597251,9,"C2C",15810,3,"Messiah",597332,5,"MAC Commonwealth",28744,3,NA,"W",NA,"/contests/6339743/box_score","https://stats.ncaa.org/contests/6339743/box_score",6339743,3
2025,16779,597251,"02/15/2025","Chris. Newport",597251,8,"C2C",15810,3,"Messiah",597332,7,"MAC Commonwealth",28744,3,NA,"W",NA,"/contests/6340014/box_score","https://stats.ncaa.org/contests/6340014/box_score",6340014,3
2025,16779,597251,"02/18/2025","Chris. Newport",597251,6,"C2C",15810,3,"Bridgewater (VA)",597231,4,"ODAC",903,3,NA,"W",NA,"/contests/6359311/box_score","https://stats.ncaa.org/contests/6359311/box_score",6359311,3
2025,16779,597251,"02/22/2025","Chris. Newport",597251,NA,"C2C",15810,3,"Denison ",597265,NA,"NCAC",897,3,"Greensboro, NC",NA,NA,"/contests/6340261/box_score","https://stats.ncaa.org/contests/6340261/box_score",6340261,3
2025,16779,597252,"02/14/2025","Emory",597276,2,"UAA",1471,3,"Claremont-M-S",597252,9,"SCIAC",910,3,NA,"W","8","/contests/6358722/box_score","https://stats.ncaa.org/contests/6358722/box_score",6358722,3
2025,16779,597252,"02/14/2025","Emory",597276,11,"UAA",1471,3,"Claremont-M-S",597252,3,"SCIAC",910,3,NA,"L",NA,"/contests/6339773/box_score","https://stats.ncaa.org/contests/6339773/box_score",6339773,3
2025,16779,597252,"02/15/2025","Emory",597276,7,"UAA",1471,3,"Claremont-M-S",597252,6,"SCIAC",910,3,NA,"L",NA,"/contests/6339950/box_score","https://stats.ncaa.org/contests/6339950/box_score",6339950,3
2025,16779,597252,"02/21/2025","Occidental",596991,3,"SCIAC",910,3,"Claremont-M-S",597252,14,"SCIAC",910,3,NA,"W",NA,"/contests/6340265/box_score","https://stats.ncaa.org/contests/6340265/box_score",6340265,3
2025,16779,597252,"02/22/2025","Claremont-M-S",597252,6,"SCIAC",910,3,"Occidental",596991,2,"SCIAC",910,3,NA,"W",NA,"/contests/6340399/box_score","https://stats.ncaa.org/contests/6340399/box_score",6340399,3
2025,16779,597252,"02/22/2025","Claremont-M-S",597252,15,"SCIAC",910,3,"Occidental",596991,5,"SCIAC",910,3,NA,"W",NA,"/contests/6349571/box_score","https://stats.ncaa.org/contests/6349571/box_score",6349571,3
2025,16779,597254,"02/22/2025","Centenary (NJ)",597163,10,"Atlantic East",30233,3,"Clarkson",597254,12,"Liberty League",24197,3,NA,"W",NA,"/contests/6340289/box_score","https://stats.ncaa.org/contests/6340289/box_score",6340289,3
2025,16779,597261,"02/21/2025","Cortland",597261,11,"SUNYAC",917,3,"Marietta ",597324,4,"OAC",901,3,"Greensboro, NC","W",NA,"/contests/6340202/box_score","https://stats.ncaa.org/contests/6340202/box_score",6340202,3
2025,16779,597261,"02/22/2025","Cortland",597261,1,"SUNYAC",917,3,"Lynchburg ",597320,2,"ODAC",903,3,"Greensboro, NC","L",NA,"/contests/6340332/box_score","https://stats.ncaa.org/contests/6340332/box_score",6340332,3
2025,16779,597199,"02/13/2025","Covenant",597199,12,"CCS",30251,3,"Greenville",597110,6,"SLIAC",12974,3,NA,"W",NA,"/contests/6358593/box_score","https://stats.ncaa.org/contests/6358593/box_score",6358593,3
2025,16779,597199,"02/14/2025","Covenant",597199,9,"CCS",30251,3,"Greenville",597110,3,"SLIAC",12974,3,NA,"W",NA,"/contests/6339902/box_score","https://stats.ncaa.org/contests/6339902/box_score",6339902,3
2025,16779,597199,"02/14/2025","Covenant",597199,5,"CCS",30251,3,"Greenville",597110,6,"SLIAC",12974,3,NA,"L",NA,"/contests/6349413/box_score","https://stats.ncaa.org/contests/6349413/box_score",6349413,3
2025,16779,597199,"02/21/2025","Covenant",597199,4,"CCS",30251,3,"Wooster",597089,3,"NCAC",897,3,NA,"W",NA,"/contests/6340267/box_score","https://stats.ncaa.org/contests/6340267/box_score",6340267,3
2025,16779,597199,"02/22/2025","Covenant",597199,8,"CCS",30251,3,"Wooster",597089,4,"NCAC",897,3,NA,"W",NA,"/contests/6340453/box_score","https://stats.ncaa.org/contests/6340453/box_score",6340453,3
2025,16779,597199,"02/22/2025","Covenant",597199,9,"CCS",30251,3,"Wooster",597089,3,"NCAC",897,3,NA,"W",NA,"/contests/6349606/box_score","https://stats.ncaa.org/contests/6349606/box_score",6349606,3
2025,16779,597103,"02/08/2025","Texas-Dallas",597173,10,"Lone Star",868,2,"Dallas",597103,0,"SCAC",835,3,NA,"L",NA,"/contests/6339569/box_score","https://stats.ncaa.org/contests/6339569/box_score",6339569,3
2025,16779,597103,"02/08/2025","Texas-Dallas",597173,20,"Lone Star",868,2,"Dallas",597103,7,"SCAC",835,3,NA,"L",NA,"/contests/6349313/box_score","https://stats.ncaa.org/contests/6349313/box_score",6349313,3
2025,16779,597103,"02/09/2025","Texas-Dallas",597173,21,"Lone Star",868,2,"Dallas",597103,13,"SCAC",835,3,NA,"L",NA,"/contests/6339671/box_score","https://stats.ncaa.org/contests/6339671/box_score",6339671,3
2025,16779,597103,"02/15/2025","Southwestern (TX)",597154,5,"SCAC",835,3,"Dallas",597103,6,"SCAC",835,3,NA,"W",NA,"/contests/6339906/box_score","https://stats.ncaa.org/contests/6339906/box_score",6339906,3
2025,16779,597103,"02/15/2025","Southwestern (TX)",597154,4,"SCAC",835,3,"Dallas",597103,1,"SCAC",835,3,NA,"L","10","/contests/6349417/box_score","https://stats.ncaa.org/contests/6349417/box_score",6349417,3
2025,16779,597103,"02/16/2025","Southwestern (TX)",597154,6,"SCAC",835,3,"Dallas",597103,4,"SCAC",835,3,NA,"L",NA,"/contests/6340098/box_score","https://stats.ncaa.org/contests/6340098/box_score",6340098,3
2025,16779,597103,"02/22/2025","McMurry",597151,10,"SCAC",835,3,"Dallas",597103,15,"SCAC",835,3,NA,"W",NA,"/contests/6362235/box_score","https://stats.ncaa.org/contests/6362235/box_score",6362235,3
2025,16779,597103,"02/22/2025","McMurry",597151,10,"SCAC",835,3,"Dallas",597103,0,"SCAC",835,3,NA,"L",NA,"/contests/6362281/box_score","https://stats.ncaa.org/contests/6362281/box_score",6362281,3
2025,16779,597267,"02/15/2025","Kean",597310,7,"NJAC",891,3,"Drew",597267,5,"Landmark",30101,3,NA,"L",NA,"/contests/6339893/box_score","https://stats.ncaa.org/contests/6339893/box_score",6339893,3
2025,16779,597267,"02/22/2025","FDU-Florham",597278,6,"MAC Freedom",28745,3,"Drew",597267,1,"Landmark",30101,3,NA,"L",NA,"/contests/6340560/box_score","https://stats.ncaa.org/contests/6340560/box_score",6340560,3
2025,16779,597105,"02/08/2025","Pomona-Pitzer",597003,5,"SCIAC",910,3,"East Tex. Baptist",597105,3,"ASC",14825,3,NA,"L",NA,"/contests/6339536/box_score","https://stats.ncaa.org/contests/6339536/box_score",6339536,3
2025,16779,597105,"02/08/2025","Pomona-Pitzer",597003,16,"SCIAC",910,3,"East Tex. Baptist",597105,5,"ASC",14825,3,NA,"L",NA,"/contests/6349291/box_score","https://stats.ncaa.org/contests/6349291/box_score",6349291,3
2025,16779,597105,"02/09/2025","Pomona-Pitzer",597003,4,"SCIAC",910,3,"East Tex. Baptist",597105,9,"ASC",14825,3,NA,"W",NA,"/contests/6339470/box_score","https://stats.ncaa.org/contests/6339470/box_score",6339470,3
2025,16779,597105,"02/11/2025","Redlands",597008,8,"SCIAC",910,3,"East Tex. Baptist",597105,1,"ASC",14825,3,NA,"L",NA,"/contests/6339697/box_score","https://stats.ncaa.org/contests/6339697/box_score",6339697,3
2025,16779,597105,"02/12/2025","La Verne",597315,9,"SCIAC",910,3,"East Tex. Baptist",597105,7,"ASC",14825,3,NA,"L",NA,"/contests/6339725/box_score","https://stats.ncaa.org/contests/6339725/box_score",6339725,3
2025,16779,597105,"02/14/2025","La Verne",597315,13,"SCIAC",910,3,"East Tex. Baptist",597105,6,"ASC",14825,3,NA,"L",NA,"/contests/6339794/box_score","https://stats.ncaa.org/contests/6339794/box_score",6339794,3
2025,16779,597271,"02/10/2025","Mary Washington",597325,10,"C2C",15810,3,"East. Mennonite",597271,0,"ODAC",903,3,NA,"L",NA,"/contests/6358247/box_score","https://stats.ncaa.org/contests/6358247/box_score",6358247,3
2025,16779,597156,"02/22/2025","Eastern",597156,4,"MAC Commonwealth",28744,3,"Penn St.-York",NA,10,NA,NA,NA,NA,"L",NA,"/contests/6340477/box_score","https://stats.ncaa.org/contests/6340477/box_score",6340477,3
2025,16779,597156,"02/22/2025","Eastern",597156,5,"MAC Commonwealth",28744,3,"Penn St.-York",NA,4,NA,NA,NA,NA,"W",NA,"/contests/6349630/box_score","https://stats.ncaa.org/contests/6349630/box_score",6349630,3
2025,16779,597107,"02/14/2025","Millsaps",597336,10,"SAA",30169,3,"Edgewood",597107,4,"NACC",30097,3,NA,"L",NA,"/contests/6339817/box_score","https://stats.ncaa.org/contests/6339817/box_score",6339817,3
2025,16779,597107,"02/15/2025","Millsaps",597336,11,"SAA",30169,3,"Edgewood",597107,8,"NACC",30097,3,NA,"L",NA,"/contests/6339995/box_score","https://stats.ncaa.org/contests/6339995/box_score",6339995,3
2025,16779,597107,"02/16/2025","Millsaps",597336,6,"SAA",30169,3,"Edgewood",597107,5,"NACC",30097,3,NA,"L",NA,"/contests/6340036/box_score","https://stats.ncaa.org/contests/6340036/box_score",6340036,3
2025,16779,597274,"02/22/2025","Misericordia",597164,13,"MAC Freedom",28745,3,"Elmira",597274,3,"Empire 8",863,3,NA,"L",NA,"/contests/6340493/box_score","https://stats.ncaa.org/contests/6340493/box_score",6340493,3
2025,16779,597276,"02/21/2025","Emory",597276,3,"UAA",1471,3,"Wheaton (IL) ",597072,2,"CCIW",836,3,"Montgomery, AL","W",NA,"/contests/6340315/box_score","https://stats.ncaa.org/contests/6340315/box_score",6340315,3
2025,16779,597276,"02/22/2025","Emory",597276,3,"UAA",1471,3,"Mt. St. Joseph ",597152,5,"HCAC",9174,3,"Montgomery, AL","L",NA,"/contests/6340606/box_score","https://stats.ncaa.org/contests/6340606/box_score",6340606,3
2025,16779,597157,"02/22/2025","LaGrange",597117,12,"CCS",30251,3,"Endicott",597157,3,"CNE",839,3,NA,"L",NA,"/contests/6340572/box_score","https://stats.ncaa.org/contests/6340572/box_score",6340572,3
2025,16779,597157,"02/22/2025","LaGrange",597117,6,"CCS",30251,3,"Endicott",597157,15,"CNE",839,3,NA,"W","13","/contests/6349702/box_score","https://stats.ncaa.org/contests/6349702/box_score",6349702,3
2025,16779,597160,"02/14/2025","Maryville (TN)",597327,15,"CCS",30251,3,"Fontbonne",597160,1,"SLIAC",12974,3,NA,"L",NA,"/contests/6339951/box_score","https://stats.ncaa.org/contests/6339951/box_score",6339951,3
2025,16779,597160,"02/14/2025","Maryville (TN)",597327,9,"CCS",30251,3,"Fontbonne",597160,1,"SLIAC",12974,3,NA,"L",NA,"/contests/6339798/box_score","https://stats.ncaa.org/contests/6339798/box_score",6339798,3
2025,16779,597282,"02/22/2025","Hampden-Sydney",597292,8,"ODAC",903,3,"Franklin & Marshall",597282,14,"Centennial",9683,3,NA,"W",NA,"/contests/6340687/box_score","https://stats.ncaa.org/contests/6340687/box_score",6340687,3
2025,16779,597197,"02/22/2025","Lancaster Bible",597198,14,"United East",30071,3,"Geneva",597197,13,"PAC",907,3,NA,"L",NA,"/contests/6340473/box_score","https://stats.ncaa.org/contests/6340473/box_score",6340473,3
2025,16779,597197,"02/22/2025","Lancaster Bible",597198,2,"United East",30071,3,"Geneva",597197,13,"PAC",907,3,NA,"W",NA,"/contests/6349626/box_score","https://stats.ncaa.org/contests/6349626/box_score",6349626,3
2025,16779,597108,"02/16/2025","Occidental",596991,14,"SCIAC",910,3,"George Fox",597108,12,"NWC",25300,3,NA,"L",NA,"/contests/6340035/box_score","https://stats.ncaa.org/contests/6340035/box_score",6340035,3
2025,16779,597108,"02/21/2025","George Fox",597108,2,"NWC",25300,3,"North Central (IL) ",596987,6,"CCIW",836,3,"Phoenix, AZ","L",NA,"/contests/6340221/box_score","https://stats.ncaa.org/contests/6340221/box_score",6340221,3
2025,16779,597108,"02/22/2025","George Fox",597108,15,"NWC",25300,3,"North Central (IL)",596987,9,"CCIW",836,3,NA,"W",NA,"/contests/6340382/box_score","https://stats.ncaa.org/contests/6340382/box_score",6340382,3
2025,16779,597286,"02/14/2025","Greensboro",597286,11,"USA South",842,3,"Lycoming",597359,1,"Landmark",30101,3,NA,"W",NA,"/contests/6358723/box_score","https://stats.ncaa.org/contests/6358723/box_score",6358723,3
2025,16779,597286,"02/14/2025","Greensboro",597286,13,"USA South",842,3,"Lycoming",597359,4,"Landmark",30101,3,NA,"W",NA,"/contests/6339801/box_score","https://stats.ncaa.org/contests/6339801/box_score",6339801,3
2025,16779,597286,"02/16/2025","Greensboro",597286,14,"USA South",842,3,"Lycoming",597359,9,"Landmark",30101,3,NA,"W",NA,"/contests/6340055/box_score","https://stats.ncaa.org/contests/6340055/box_score",6340055,3
2025,16779,597286,"02/18/2025","Greensboro",597286,5,"USA South",842,3,"Hampden-Sydney",597292,13,"ODAC",903,3,NA,"L",NA,"/contests/6340164/box_score","https://stats.ncaa.org/contests/6340164/box_score",6340164,3
2025,16779,597111,"02/18/2025","Guilford",597111,13,"ODAC",903,3,"Southern Va.",597202,8,"USA South",842,3,NA,"W",NA,"/contests/6340188/box_score","https://stats.ncaa.org/contests/6340188/box_score",6340188,3
2025,16779,597162,"02/22/2025","Gwynedd Mercy",597162,9,"Atlantic East",30233,3,"Penn St.-Berks",597190,10,"United East",30071,3,NA,"L",NA,"/contests/6340412/box_score","https://stats.ncaa.org/contests/6340412/box_score",6340412,3
2025,16779,597112,"02/22/2025","Hanover",597112,2,"HCAC",9174,3,"Mary Washington ",597325,10,"C2C",15810,3,"Fayetteville, NC","L",NA,"/contests/6340220/box_score","https://stats.ncaa.org/contests/6340220/box_score",6340220,3
2025,16779,597293,"02/14/2025","Hardin-Simmons",597293,16,"ASC",14825,3,"St. Thomas (TX)",597345,15,"SCAC",835,3,NA,"W","11","/contests/6339844/box_score","https://stats.ncaa.org/contests/6339844/box_score",6339844,3
2025,16779,597293,"02/15/2025","Hardin-Simmons",597293,3,"ASC",14825,3,"St. Thomas (TX)",597345,6,"SCAC",835,3,NA,"L",NA,"/contests/6339907/box_score","https://stats.ncaa.org/contests/6339907/box_score",6339907,3
2025,16779,597293,"02/15/2025","Hardin-Simmons",597293,5,"ASC",14825,3,"St. Thomas (TX)",597345,4,"SCAC",835,3,NA,"W",NA,"/contests/6349418/box_score","https://stats.ncaa.org/contests/6349418/box_score",6349418,3
2025,16779,597293,"02/22/2025","Texas-Dallas",597173,5,"Lone Star",868,2,"Hardin-Simmons",597293,4,"ASC",14825,3,NA,"L",NA,"/contests/6340438/box_score","https://stats.ncaa.org/contests/6340438/box_score",6340438,3
2025,16779,596977,"02/22/2025","Hartford",596977,7,"CNE",839,3,"Mary Washington ",597325,3,"C2C",15810,3,"Fayetteville, NC","W",NA,"/contests/6362265/box_score","https://stats.ncaa.org/contests/6362265/box_score",6362265,3
2025,16779,596977,"02/22/2025","Methodist",597333,6,"USA South",842,3,"Hartford",596977,5,"CNE",839,3,NA,"L",NA,"/contests/6340318/box_score","https://stats.ncaa.org/contests/6340318/box_score",6340318,3
2025,16779,597113,"02/14/2025","Hendrix",597113,7,"SAA",30169,3,"Westminster (MO)",597136,4,"SLIAC",12974,3,NA,"W",NA,"/contests/6340123/box_score","https://stats.ncaa.org/contests/6340123/box_score",6340123,3
2025,16779,597113,"02/14/2025","Hendrix",597113,10,"SAA",30169,3,"Westminster (MO)",597136,6,"SLIAC",12974,3,NA,"W",NA,"/contests/6339833/box_score","https://stats.ncaa.org/contests/6339833/box_score",6339833,3
2025,16779,597113,"02/22/2025","Hendrix",597113,6,"SAA",30169,3,"NYU",596982,8,"UAA",1471,3,NA,"L",NA,"/contests/6362294/box_score","https://stats.ncaa.org/contests/6362294/box_score",6362294,3
2025,16779,597113,"02/22/2025","Hendrix",597113,12,"SAA",30169,3,"NYU",596982,4,"UAA",1471,3,NA,"W",NA,"/contests/6340238/box_score","https://stats.ncaa.org/contests/6340238/box_score",6340238,3
2025,16779,597113,"02/22/2025","Hendrix",597113,6,"SAA",30169,3,"NYU",596982,8,"UAA",1471,3,NA,"L",NA,"/contests/6349535/box_score","https://stats.ncaa.org/contests/6349535/box_score",6349535,3
2025,16779,597148,"02/14/2025","Methodist",597333,14,"USA South",842,3,"Hood",597148,0,"MAC Commonwealth",28744,3,NA,"L",NA,"/contests/6339966/box_score","https://stats.ncaa.org/contests/6339966/box_score",6339966,3
2025,16779,597148,"02/14/2025","Methodist",597333,3,"USA South",842,3,"Hood",597148,0,"MAC Commonwealth",28744,3,NA,"L",NA,"/contests/6349465/box_score","https://stats.ncaa.org/contests/6349465/box_score",6349465,3
2025,16779,597148,"02/15/2025","Methodist",597333,7,"USA South",842,3,"Hood",597148,6,"MAC Commonwealth",28744,3,NA,"L",NA,"/contests/6340092/box_score","https://stats.ncaa.org/contests/6340092/box_score",6340092,3
2025,16779,597148,"02/22/2025","Hood",597148,5,"MAC Commonwealth",28744,3,"Ursinus ",597054,4,"Centennial",9683,3,"Fairfax, VA","W",NA,"/contests/6340494/box_score","https://stats.ncaa.org/contests/6340494/box_score",6340494,3
2025,16779,597143,"02/07/2025","Concordia (TX)",597176,7,"SCAC",835,3,"Howard Payne",597143,6,"ASC",14825,3,NA,"L","11","/contests/6339506/box_score","https://stats.ncaa.org/contests/6339506/box_score",6339506,3
2025,16779,597143,"02/08/2025","Concordia (TX)",597176,15,"SCAC",835,3,"Howard Payne",597143,2,"ASC",14825,3,NA,"L",NA,"/contests/6339558/box_score","https://stats.ncaa.org/contests/6339558/box_score",6339558,3
2025,16779,597143,"02/08/2025","Concordia (TX)",597176,15,"SCAC",835,3,"Howard Payne",597143,5,"ASC",14825,3,NA,"L",NA,"/contests/6349302/box_score","https://stats.ncaa.org/contests/6349302/box_score",6349302,3
2025,16779,597143,"02/22/2025","Howard Payne",597143,5,"ASC",14825,3,"Lyon",597361,4,"SLIAC",12974,3,NA,"W",NA,"/contests/6340439/box_score","https://stats.ncaa.org/contests/6340439/box_score",6340439,3
2025,16779,597114,"02/07/2025","Huntingdon",597114,0,"CCS",30251,3,"McMurry ",597151,8,"SCAC",835,3,"Shreveport, LA","L",NA,"/contests/6339454/box_score","https://stats.ncaa.org/contests/6339454/box_score",6339454,3
2025,16779,597114,"02/08/2025","Huntingdon",597114,7,"CCS",30251,3,"Rhodes ",597011,8,"SAA",30169,3,"Shreveport, LA","L",NA,"/contests/6339619/box_score","https://stats.ncaa.org/contests/6339619/box_score",6339619,3
2025,16779,597114,"02/09/2025","Centenary (LA)",597246,2,"SCAC",835,3,"Huntingdon",597114,1,"CCS",30251,3,NA,"L",NA,"/contests/6339649/box_score","https://stats.ncaa.org/contests/6339649/box_score",6339649,3
2025,16779,597114,"02/14/2025","Huntingdon",597114,8,"CCS",30251,3,"MUW",597344,0,"SLIAC",12974,3,NA,"W",NA,"/contests/6339832/box_score","https://stats.ncaa.org/contests/6339832/box_score",6339832,3
2025,16779,597114,"02/15/2025","Huntingdon",597114,12,"CCS",30251,3,"MUW",597344,2,"SLIAC",12974,3,NA,"W",NA,"/contests/6339967/box_score","https://stats.ncaa.org/contests/6339967/box_score",6339967,3
2025,16779,597114,"02/15/2025","Huntingdon",597114,9,"CCS",30251,3,"MUW",597344,8,"SLIAC",12974,3,NA,"W","10","/contests/6349466/box_score","https://stats.ncaa.org/contests/6349466/box_score",6349466,3
2025,16779,597114,"02/22/2025","Huntingdon",597114,8,"CCS",30251,3,"Wheaton (IL)",597072,1,"CCIW",836,3,NA,"W",NA,"/contests/6340434/box_score","https://stats.ncaa.org/contests/6340434/box_score",6340434,3
2025,16779,597302,"02/22/2025","Rutgers-Camden",597019,11,"NJAC",891,3,"Immaculata",597302,4,"Atlantic East",30233,3,NA,"L",NA,"/contests/6340433/box_score","https://stats.ncaa.org/contests/6340433/box_score",6340433,3
2025,16779,597302,"02/22/2025","Rutgers-Camden",597019,10,"NJAC",891,3,"Immaculata",597302,6,"Atlantic East",30233,3,NA,"L",NA,"/contests/6349594/box_score","https://stats.ncaa.org/contests/6349594/box_score",6349594,3
2025,16779,597303,"02/22/2025","Ithaca",597303,3,"Liberty League",24197,3,"Stevens ",597041,2,"MAC Freedom",28745,3,"Washington, DC","W",NA,"/contests/6340359/box_score","https://stats.ncaa.org/contests/6340359/box_score",6340359,3
2025,16779,597307,"02/22/2025","Johns Hopkins",597307,7,"Centennial",9683,3,"St. John Fisher",597021,3,"Empire 8",863,3,NA,"W",NA,"/contests/6340582/box_score","https://stats.ncaa.org/contests/6340582/box_score",6340582,3
2025,16779,597309,"02/21/2025","Oglethorpe",597142,7,"SAA",30169,3,"Kalamazoo",597309,4,"Michigan Intercol. Ath. Assn.",873,3,NA,"L",NA,"/contests/6340354/box_score","https://stats.ncaa.org/contests/6340354/box_score",6340354,3
2025,16779,597309,"02/22/2025","Oglethorpe",597142,8,"SAA",30169,3,"Kalamazoo",597309,4,"Michigan Intercol. Ath. Assn.",873,3,NA,"L",NA,"/contests/6340541/box_score","https://stats.ncaa.org/contests/6340541/box_score",6340541,3
2025,16779,597309,"02/22/2025","Oglethorpe",597142,11,"SAA",30169,3,"Kalamazoo",597309,13,"Michigan Intercol. Ath. Assn.",873,3,NA,"W","8","/contests/6349680/box_score","https://stats.ncaa.org/contests/6349680/box_score",6349680,3
2025,16779,597310,"02/21/2025","Kean",597310,5,"NJAC",891,3,"Mitchell",597189,2,"Great Northeast",23257,3,NA,"W",NA,"/contests/6340295/box_score","https://stats.ncaa.org/contests/6340295/box_score",6340295,3
2025,16779,597310,"02/22/2025","Kean",597310,4,"NJAC",891,3,"Mitchell",597189,2,"Great Northeast",23257,3,NA,"W",NA,"/contests/6340435/box_score","https://stats.ncaa.org/contests/6340435/box_score",6340435,3
2025,16779,597315,"02/16/2025","La Verne",597315,3,"SCIAC",910,3,"UChicago",597250,6,"UAA",1471,3,NA,"L",NA,"/contests/6340041/box_score","https://stats.ncaa.org/contests/6340041/box_score",6340041,3
2025,16779,597315,"02/21/2025","Pacific (OR)",597144,0,"NWC",25300,3,"La Verne",597315,3,"SCIAC",910,3,NA,"W",NA,"/contests/6362136/box_score","https://stats.ncaa.org/contests/6362136/box_score",6362136,3
2025,16779,597315,"02/21/2025","Pacific (OR)",597144,0,"NWC",25300,3,"La Verne",597315,11,"SCIAC",910,3,NA,"W",NA,"/contests/6362149/box_score","https://stats.ncaa.org/contests/6362149/box_score",6362149,3
2025,16779,597315,"02/22/2025","Pacific (OR)",597144,3,"NWC",25300,3,"La Verne",597315,11,"SCIAC",910,3,NA,"W",NA,"/contests/6362207/box_score","https://stats.ncaa.org/contests/6362207/box_score",6362207,3
2025,16779,597117,"02/07/2025","LaGrange",597117,5,"CCS",30251,3,"Rhodes ",597011,12,"SAA",30169,3,"Shreveport, LA","L",NA,"/contests/6339491/box_score","https://stats.ncaa.org/contests/6339491/box_score",6339491,3
2025,16779,597117,"02/08/2025","Centenary (LA)",597246,10,"SCAC",835,3,"LaGrange",597117,5,"CCS",30251,3,NA,"L",NA,"/contests/6339529/box_score","https://stats.ncaa.org/contests/6339529/box_score",6339529,3
2025,16779,597117,"02/09/2025","LaGrange",597117,2,"CCS",30251,3,"McMurry ",597151,12,"SCAC",835,3,"Shreveport, LA","L",NA,"/contests/6339684/box_score","https://stats.ncaa.org/contests/6339684/box_score",6339684,3
2025,16779,597117,"02/14/2025","LaGrange",597117,6,"CCS",30251,3,"Pfeiffer",597351,5,"USA South",842,3,NA,"W","10","/contests/6339781/box_score","https://stats.ncaa.org/contests/6339781/box_score",6339781,3
2025,16779,597150,"02/21/2025","Millsaps",597336,11,"SAA",30169,3,"LeTourneau",597150,4,"ASC",14825,3,NA,"L",NA,"/contests/6340343/box_score","https://stats.ncaa.org/contests/6340343/box_score",6340343,3
2025,16779,597150,"02/22/2025","Millsaps",597336,9,"SAA",30169,3,"LeTourneau",597150,8,"ASC",14825,3,NA,"L",NA,"/contests/6340450/box_score","https://stats.ncaa.org/contests/6340450/box_score",6340450,3
2025,16779,597150,"02/22/2025","Millsaps",597336,16,"SAA",30169,3,"LeTourneau",597150,17,"ASC",14825,3,NA,"W",NA,"/contests/6349603/box_score","https://stats.ncaa.org/contests/6349603/box_score",6349603,3
2025,16779,597170,"02/15/2025","Whittier",597075,4,"SCIAC",910,3,"Lewis & Clark",597170,3,"NWC",25300,3,NA,"L",NA,"/contests/6340034/box_score","https://stats.ncaa.org/contests/6340034/box_score",6340034,3
2025,16779,597170,"02/16/2025","Whittier",597075,4,"SCIAC",910,3,"Lewis & Clark",597170,14,"NWC",25300,3,NA,"W",NA,"/contests/6339868/box_score","https://stats.ncaa.org/contests/6339868/box_score",6339868,3
2025,16779,597170,"02/16/2025","Whittier",597075,4,"SCIAC",910,3,"Lewis & Clark",597170,11,"NWC",25300,3,NA,"W",NA,"/contests/6349389/box_score","https://stats.ncaa.org/contests/6349389/box_score",6349389,3
2025,16779,597170,"02/22/2025","Lewis & Clark",597170,8,"NWC",25300,3,"Willamette",597078,7,"NWC",25300,3,NA,"W","10","/contests/6340408/box_score","https://stats.ncaa.org/contests/6340408/box_score",6340408,3
2025,16779,597170,"02/22/2025","Lewis & Clark",597170,8,"NWC",25300,3,"Willamette",597078,7,"NWC",25300,3,NA,"W",NA,"/contests/6349580/box_score","https://stats.ncaa.org/contests/6349580/box_score",6349580,3
2025,16779,597120,"02/21/2025","Linfield",597120,7,"NWC",25300,3,"Pacific Lutheran",597128,6,"NWC",25300,3,NA,"W",NA,"/contests/6340298/box_score","https://stats.ncaa.org/contests/6340298/box_score",6340298,3
2025,16779,597120,"02/21/2025","Linfield",597120,4,"NWC",25300,3,"Puget Sound",597005,3,"NWC",25300,3,NA,"W","11","/contests/6340313/box_score","https://stats.ncaa.org/contests/6340313/box_score",6340313,3
2025,16779,597359,"02/22/2025","Marymount (VA)",597326,5,"Atlantic East",30233,3,"Lycoming",597359,4,"Landmark",30101,3,NA,"L",NA,"/contests/6340581/box_score","https://stats.ncaa.org/contests/6340581/box_score",6340581,3
2025,16779,597359,"02/22/2025","Marymount (VA)",597326,19,"Atlantic East",30233,3,"Lycoming",597359,3,"Landmark",30101,3,NA,"L",NA,"/contests/6349708/box_score","https://stats.ncaa.org/contests/6349708/box_score",6349708,3
2025,16779,597320,"02/14/2025","N.C. Wesleyan",596986,0,"USA South",842,3,"Lynchburg",597320,2,"ODAC",903,3,NA,"W",NA,"/contests/6340078/box_score","https://stats.ncaa.org/contests/6340078/box_score",6340078,3
2025,16779,597320,"02/14/2025","N.C. Wesleyan",596986,3,"USA South",842,3,"Lynchburg",597320,4,"ODAC",903,3,NA,"W",NA,"/contests/6358416/box_score","https://stats.ncaa.org/contests/6358416/box_score",6358416,3
2025,16779,597320,"02/15/2025","N.C. Wesleyan",596986,11,"USA South",842,3,"Lynchburg",597320,12,"ODAC",903,3,NA,"W",NA,"/contests/6358600/box_score","https://stats.ncaa.org/contests/6358600/box_score",6358600,3
2025,16779,597361,"02/14/2025","Lyon",597361,2,"SLIAC",12974,3,"William Woods",NA,4,NA,NA,NA,NA,"L",NA,"/contests/6358318/box_score","https://stats.ncaa.org/contests/6358318/box_score",6358318,3
2025,16779,597361,"02/14/2025","Lyon",597361,4,"SLIAC",12974,3,"William Woods",NA,3,NA,NA,NA,NA,"W",NA,"/contests/6358319/box_score","https://stats.ncaa.org/contests/6358319/box_score",6358319,3
2025,16779,597344,"02/10/2025","Millsaps",597336,14,"SAA",30169,3,"MUW",597344,1,"SLIAC",12974,3,NA,"L",NA,"/contests/6339715/box_score","https://stats.ncaa.org/contests/6339715/box_score",6339715,3
2025,16779,597124,"02/18/2025","Texas Lutheran",597134,5,"SCAC",835,3,"Mary Hardin-Baylor",597124,4,"ASC",14825,3,NA,"L",NA,"/contests/6340179/box_score","https://stats.ncaa.org/contests/6340179/box_score",6340179,3
2025,16779,597328,"02/22/2025","Rosemont",597347,NA,"United East",30071,3,"Marywood",597328,NA,"Atlantic East",30233,3,NA,NA,NA,"/contests/6340442/box_score","https://stats.ncaa.org/contests/6340442/box_score",6340442,3
2025,16779,597069,"02/22/2025","Bridgewater (VA)",597231,6,"ODAC",903,3,"McDaniel",597069,5,"Centennial",9683,3,NA,"L",NA,"/contests/6362213/box_score","https://stats.ncaa.org/contests/6362213/box_score",6362213,3
2025,16779,597151,"02/08/2025","McMurry",597151,23,"SCAC",835,3,"Rhodes ",597011,8,"SAA",30169,3,"Shreveport, LA","W",NA,"/contests/6339602/box_score","https://stats.ncaa.org/contests/6339602/box_score",6339602,3
2025,16779,597151,"02/14/2025","McMurry",597151,2,"SCAC",835,3,"Concordia (TX)",597176,7,"SCAC",835,3,NA,"L",NA,"/contests/6339852/box_score","https://stats.ncaa.org/contests/6339852/box_score",6339852,3
2025,16779,597151,"02/15/2025","McMurry",597151,17,"SCAC",835,3,"Concordia (TX)",597176,4,"SCAC",835,3,NA,"W",NA,"/contests/6339970/box_score","https://stats.ncaa.org/contests/6339970/box_score",6339970,3
2025,16779,597151,"02/15/2025","McMurry",597151,12,"SCAC",835,3,"Concordia (TX)",597176,6,"SCAC",835,3,NA,"W",NA,"/contests/6349469/box_score","https://stats.ncaa.org/contests/6349469/box_score",6349469,3
2025,16779,597332,"02/22/2025","Randolph-Macon",597007,7,"ODAC",903,3,"Messiah",597332,4,"MAC Commonwealth",28744,3,NA,"L",NA,"/contests/6340287/box_score","https://stats.ncaa.org/contests/6340287/box_score",6340287,3
2025,16779,597333,"02/08/2025","Methodist",597333,3,"USA South",842,3,"Roanoke",597013,4,"ODAC",903,3,NA,"L","11","/contests/6339575/box_score","https://stats.ncaa.org/contests/6339575/box_score",6339575,3
2025,16779,597333,"02/09/2025","Methodist",597333,9,"USA South",842,3,"Roanoke",597013,5,"ODAC",903,3,NA,"W",NA,"/contests/6339652/box_score","https://stats.ncaa.org/contests/6339652/box_score",6339652,3
2025,16779,597335,"02/16/2025","Millikin",597335,15,"CCIW",836,3,"Westminster (MO) ",597136,4,"SLIAC",12974,3,"Conway, AR","W",NA,"/contests/6339941/box_score","https://stats.ncaa.org/contests/6339941/box_score",6339941,3
2025,16779,597335,"02/16/2025","Millikin",597335,0,"CCIW",836,3,"Westminster (MO) ",597136,1,"SLIAC",12974,3,"Conway, AR","L",NA,"/contests/6340084/box_score","https://stats.ncaa.org/contests/6340084/box_score",6340084,3
2025,16779,597164,"02/14/2025","Shenandoah",597034,5,"ODAC",903,3,"Misericordia",597164,3,"MAC Freedom",28745,3,NA,"L",NA,"/contests/6339914/box_score","https://stats.ncaa.org/contests/6339914/box_score",6339914,3
2025,16779,597164,"02/14/2025","Shenandoah",597034,5,"ODAC",903,3,"Misericordia",597164,0,"MAC Freedom",28745,3,NA,"L",NA,"/contests/6349425/box_score","https://stats.ncaa.org/contests/6349425/box_score",6349425,3
2025,16779,597164,"02/22/2025","Misericordia",597164,4,"MAC Freedom",28745,3,"Ursinus ",597054,1,"Centennial",9683,3,"Fairfax, VA","W",NA,"/contests/6340595/box_score","https://stats.ncaa.org/contests/6340595/box_score",6340595,3
2025,16779,597338,"02/22/2025","Montclair St.",597338,16,"NJAC",891,3,"SUNY Poly",597158,12,"Empire 8",863,3,NA,"W",NA,"/contests/6358950/box_score","https://stats.ncaa.org/contests/6358950/box_score",6358950,3
2025,16779,597152,"02/21/2025","Mt. St. Joseph",597152,6,"HCAC",9174,3,"Wheaton (IL) ",597072,1,"CCIW",836,3,"Montgomery, AL","W",NA,"/contests/6340244/box_score","https://stats.ncaa.org/contests/6340244/box_score",6340244,3
2025,16779,597357,"02/14/2025","Muskingum",597357,11,"OAC",901,3,"Ohio Christian ",NA,3,NA,NA,NA,"Gastonia, NC","W",NA,"/contests/6359146/box_score","https://stats.ncaa.org/contests/6359146/box_score",6359146,3
2025,16779,597357,"02/14/2025","Muskingum",597357,5,"OAC",901,3,"Ohio Christian ",NA,2,NA,NA,NA,"Gastonia, NC","W",NA,"/contests/6359102/box_score","https://stats.ncaa.org/contests/6359102/box_score",6359102,3
2025,16779,597357,"02/15/2025","Muskingum",597357,11,"OAC",901,3,"Ohio Christian ",NA,5,NA,NA,NA,"Gastonia, NC","W","9","/contests/6359160/box_score","https://stats.ncaa.org/contests/6359160/box_score",6359160,3
2025,16779,596986,"02/18/2025","N.C. Wesleyan",596986,4,"USA South",842,3,"Va. Wesleyan",597057,8,"ODAC",903,3,NA,"L",NA,"/contests/6340135/box_score","https://stats.ncaa.org/contests/6340135/box_score",6340135,3
2025,16779,596990,"02/22/2025","Maryville (TN)",597327,9,"CCS",30251,3,"Oberlin",596990,8,"NCAC",897,3,NA,"L",NA,"/contests/6340520/box_score","https://stats.ncaa.org/contests/6340520/box_score",6340520,3
2025,16779,596991,"02/14/2025","Occidental",596991,4,"SCIAC",910,3,"Puget Sound",597005,6,"NWC",25300,3,NA,"L",NA,"/contests/6339797/box_score","https://stats.ncaa.org/contests/6339797/box_score",6339797,3
2025,16779,596991,"02/15/2025","Occidental",596991,0,"SCIAC",910,3,"Puget Sound",597005,8,"NWC",25300,3,NA,"L",NA,"/contests/6339871/box_score","https://stats.ncaa.org/contests/6339871/box_score",6339871,3
2025,16779,596991,"02/15/2025","Occidental",596991,3,"SCIAC",910,3,"Puget Sound",597005,11,"NWC",25300,3,NA,"L",NA,"/contests/6349391/box_score","https://stats.ncaa.org/contests/6349391/box_score",6349391,3
2025,16779,596998,"02/22/2025","Sewanee",597037,6,"SAA",30169,3,"Otterbein",596998,0,"OAC",901,3,NA,"L",NA,"/contests/6340400/box_score","https://stats.ncaa.org/contests/6340400/box_score",6340400,3
2025,16779,596998,"02/22/2025","Sewanee",597037,4,"SAA",30169,3,"Otterbein",596998,3,"OAC",901,3,NA,"L",NA,"/contests/6349572/box_score","https://stats.ncaa.org/contests/6349572/box_score",6349572,3
2025,16779,597128,"02/15/2025","Pomona-Pitzer",597003,10,"SCIAC",910,3,"Pacific Lutheran",597128,2,"NWC",25300,3,NA,"L",NA,"/contests/6349394/box_score","https://stats.ncaa.org/contests/6349394/box_score",6349394,3
2025,16779,597128,"02/21/2025","Linfield",597120,7,"NWC",25300,3,"Pacific Lutheran",597128,6,"NWC",25300,3,NA,"L",NA,"/contests/6340497/box_score","https://stats.ncaa.org/contests/6340497/box_score",6340497,3
2025,16779,597547,"02/22/2025","Penn St. Brandywine",597547,1,"United East",30071,3,"Penn St.-Mont Alto",NA,12,NA,NA,NA,NA,"L",NA,"/contests/6340545/box_score","https://stats.ncaa.org/contests/6340545/box_score",6340545,3
2025,16779,597547,"02/22/2025","Penn St. Brandywine",597547,12,"United East",30071,3,"Penn St.-Mont Alto",NA,11,NA,NA,NA,NA,"W","8","/contests/6349684/box_score","https://stats.ncaa.org/contests/6349684/box_score",6349684,3
2025,16779,597195,"02/22/2025","Penn St. Harrisburg",597195,9,"United East",30071,3,"UMass Dartmouth",597038,3,"Little East",867,3,NA,"W",NA,"/contests/6362275/box_score","https://stats.ncaa.org/contests/6362275/box_score",6362275,3
2025,16779,597195,"02/22/2025","Penn St. Harrisburg",597195,9,"United East",30071,3,"UMass Dartmouth",597038,8,"Little East",867,3,NA,"W","11","/contests/6362266/box_score","https://stats.ncaa.org/contests/6362266/box_score",6362266,3
2025,16779,597200,"02/22/2025","Washington Col.",597062,12,"Centennial",9683,3,"Penn St.-Abington",597200,4,"United East",30071,3,NA,"L",NA,"/contests/6340290/box_score","https://stats.ncaa.org/contests/6340290/box_score",6340290,3
2025,16779,597351,"02/21/2025","Pfeiffer",597351,2,"USA South",842,3,"Piedmont ",597168,6,"CCS",30251,3,"Kannapolis, NC","L",NA,"/contests/6340231/box_score","https://stats.ncaa.org/contests/6340231/box_score",6340231,3
2025,16779,597168,"02/22/2025","Piedmont",597168,14,"CCS",30251,3,"Susquehanna ",597044,4,"Landmark",30101,3,"Kannapolis, NC","W",NA,"/contests/6340424/box_score","https://stats.ncaa.org/contests/6340424/box_score",6340424,3
2025,16779,597004,"02/22/2025","Ozarks (AR)",597172,14,"SCAC",835,3,"Principia",597004,4,"SLIAC",12974,3,NA,"L",NA,"/contests/6362164/box_score","https://stats.ncaa.org/contests/6362164/box_score",6362164,3
2025,16779,597005,"02/16/2025","Redlands",597008,2,"SCIAC",910,3,"Puget Sound",597005,8,"NWC",25300,3,NA,"W",NA,"/contests/6340037/box_score","https://stats.ncaa.org/contests/6340037/box_score",6340037,3
2025,16779,597005,"02/22/2025","Puget Sound",597005,5,"NWC",25300,3,"Whitman ",597074,3,"NWC",25300,3,"McMinnville, OR","W",NA,"/contests/6340602/box_score","https://stats.ncaa.org/contests/6340602/box_score",6340602,3
2025,16779,597008,"02/07/2025","Redlands",597008,9,"SCIAC",910,3,"Whittier",597075,11,"SCIAC",910,3,NA,"L",NA,"/contests/6339483/box_score","https://stats.ncaa.org/contests/6339483/box_score",6339483,3
2025,16779,597008,"02/08/2025","Whittier",597075,5,"SCIAC",910,3,"Redlands",597008,12,"SCIAC",910,3,NA,"W",NA,"/contests/6358345/box_score","https://stats.ncaa.org/contests/6358345/box_score",6358345,3
2025,16779,597008,"02/08/2025","Whittier",597075,2,"SCIAC",910,3,"Redlands",597008,8,"SCIAC",910,3,NA,"W",NA,"/contests/6339535/box_score","https://stats.ncaa.org/contests/6339535/box_score",6339535,3
2025,16779,597008,"02/14/2025","Redlands",597008,10,"SCIAC",910,3,"Luther",597319,8,"American Rivers",864,3,NA,"W",NA,"/contests/6339777/box_score","https://stats.ncaa.org/contests/6339777/box_score",6339777,3
2025,16779,597008,"02/15/2025","Redlands",597008,8,"SCIAC",910,3,"Luther",597319,7,"American Rivers",864,3,NA,"W",NA,"/contests/6339872/box_score","https://stats.ncaa.org/contests/6339872/box_score",6339872,3
2025,16779,597008,"02/15/2025","Redlands",597008,5,"SCIAC",910,3,"Luther",597319,3,"American Rivers",864,3,NA,"W",NA,"/contests/6349392/box_score","https://stats.ncaa.org/contests/6349392/box_score",6349392,3
2025,16779,597008,"02/18/2025","Redlands",597008,10,"SCIAC",910,3,"Providence Christian",NA,13,NA,NA,NA,NA,"L",NA,"/contests/6340136/box_score","https://stats.ncaa.org/contests/6340136/box_score",6340136,3
2025,16779,597008,"02/21/2025","Redlands",597008,8,"SCIAC",910,3,"Whitworth",597138,23,"NWC",25300,3,NA,"L",NA,"/contests/6340269/box_score","https://stats.ncaa.org/contests/6340269/box_score",6340269,3
2025,16779,597008,"02/22/2025","Redlands",597008,6,"SCIAC",910,3,"Whitworth",597138,4,"NWC",25300,3,NA,"W",NA,"/contests/6340401/box_score","https://stats.ncaa.org/contests/6340401/box_score",6340401,3
2025,16779,597008,"02/22/2025","Redlands",597008,11,"SCIAC",910,3,"Whitworth",597138,5,"NWC",25300,3,NA,"W",NA,"/contests/6349573/box_score","https://stats.ncaa.org/contests/6349573/box_score",6349573,3
2025,16779,597011,"02/09/2025","Centenary (LA)",597246,2,"SCAC",835,3,"Rhodes",597011,5,"SAA",30169,3,NA,"W",NA,"/contests/6339682/box_score","https://stats.ncaa.org/contests/6339682/box_score",6339682,3
2025,16779,597011,"02/14/2025","Rhodes",597011,6,"SAA",30169,3,"Augustana (IL)",597218,3,"CCIW",836,3,NA,"W",NA,"/contests/6358656/box_score","https://stats.ncaa.org/contests/6358656/box_score",6358656,3
2025,16779,597011,"02/14/2025","Rhodes",597011,5,"SAA",30169,3,"Webster",597064,4,"SLIAC",12974,3,NA,"W",NA,"/contests/6340118/box_score","https://stats.ncaa.org/contests/6340118/box_score",6340118,3
2025,16779,597011,"02/22/2025","Rhodes",597011,12,"SAA",30169,3,"SUNY Oneonta",596996,2,"SUNYAC",917,3,NA,"W",NA,"/contests/6340268/box_score","https://stats.ncaa.org/contests/6340268/box_score",6340268,3
2025,16779,597013,"02/16/2025","William Peace",597165,0,"USA South",842,3,"Roanoke",597013,13,"ODAC",903,3,NA,"W",NA,"/contests/6340113/box_score","https://stats.ncaa.org/contests/6340113/box_score",6340113,3
2025,16779,597013,"02/16/2025","William Peace",597165,2,"USA South",842,3,"Roanoke",597013,3,"ODAC",903,3,NA,"W",NA,"/contests/6349518/box_score","https://stats.ncaa.org/contests/6349518/box_score",6349518,3
2025,16779,597013,"02/18/2025","Maryville (TN)",597327,11,"CCS",30251,3,"Roanoke",597013,7,"ODAC",903,3,NA,"L",NA,"/contests/6340143/box_score","https://stats.ncaa.org/contests/6340143/box_score",6340143,3
2025,16779,597233,"02/22/2025","William Peace",597165,0,"USA South",842,3,"SUNY Brockport",597233,12,"Empire 8",863,3,NA,"W",NA,"/contests/6340534/box_score","https://stats.ncaa.org/contests/6340534/box_score",6340534,3
2025,16779,597233,"02/22/2025","William Peace",597165,3,"USA South",842,3,"SUNY Brockport",597233,6,"Empire 8",863,3,NA,"W",NA,"/contests/6349673/box_score","https://stats.ncaa.org/contests/6349673/box_score",6349673,3
2025,16779,596981,"02/22/2025","St. John Fisher ",597021,2,"Empire 8",863,3,"SUNY Maritime",596981,1,"Skyline",13054,3,"Baltimore, MD","L",NA,"/contests/6340421/box_score","https://stats.ncaa.org/contests/6340421/box_score",6340421,3
2025,16779,597133,"02/07/2025","Dallas Christian",NA,4,NA,NA,NA,"Schreiner",597133,2,"SCAC",835,3,NA,"L",NA,"/contests/6339439/box_score","https://stats.ncaa.org/contests/6339439/box_score",6339439,3
2025,16779,597133,"02/07/2025","Dallas Christian",NA,0,NA,NA,NA,"Schreiner",597133,1,"SCAC",835,3,NA,"W",NA,"/contests/6357933/box_score","https://stats.ncaa.org/contests/6357933/box_score",6357933,3
2025,16779,597133,"02/08/2025","Dallas Christian",NA,8,NA,NA,NA,"Schreiner",597133,6,"SCAC",835,3,NA,"L",NA,"/contests/6339522/box_score","https://stats.ncaa.org/contests/6339522/box_score",6339522,3
2025,16779,597133,"02/08/2025","Schreiner",597133,12,"SCAC",835,3,"Tex. A&M-Texarkana ",NA,15,NA,NA,NA,"Farmers Branch, TX","L",NA,"/contests/6357935/box_score","https://stats.ncaa.org/contests/6357935/box_score",6357935,3
2025,16779,597133,"02/14/2025","Ozarks (AR)",597172,10,"SCAC",835,3,"Schreiner",597133,4,"SCAC",835,3,NA,"L",NA,"/contests/6349367/box_score","https://stats.ncaa.org/contests/6349367/box_score",6349367,3
2025,16779,597133,"02/14/2025","Ozarks (AR)",597172,8,"SCAC",835,3,"Schreiner",597133,6,"SCAC",835,3,NA,"L",NA,"/contests/6339954/box_score","https://stats.ncaa.org/contests/6339954/box_score",6339954,3
2025,16779,597133,"02/16/2025","Ozarks (AR)",597172,7,"SCAC",835,3,"Schreiner",597133,10,"SCAC",835,3,NA,"W",NA,"/contests/6340272/box_score","https://stats.ncaa.org/contests/6340272/box_score",6340272,3
2025,16779,597034,"02/16/2025","Shenandoah",597034,6,"ODAC",903,3,"Wilkes",597077,5,"Landmark",30101,3,NA,"W",NA,"/contests/6340080/box_score","https://stats.ncaa.org/contests/6340080/box_score",6340080,3
2025,16779,597034,"02/16/2025","Shenandoah",597034,10,"ODAC",903,3,"Wilkes",597077,3,"Landmark",30101,3,NA,"W",NA,"/contests/6349512/box_score","https://stats.ncaa.org/contests/6349512/box_score",6349512,3
2025,16779,597034,"02/22/2025","Shenandoah",597034,1,"ODAC",903,3,"Widener",597076,0,"MAC Commonwealth",28744,3,NA,"W",NA,"/contests/6340465/box_score","https://stats.ncaa.org/contests/6340465/box_score",6340465,3
2025,16779,597034,"02/22/2025","Shenandoah",597034,2,"ODAC",903,3,"Widener",597076,6,"MAC Commonwealth",28744,3,NA,"L",NA,"/contests/6349618/box_score","https://stats.ncaa.org/contests/6349618/box_score",6349618,3
2025,16779,597202,"02/15/2025","Mid-Atlantic Christ.",NA,3,NA,NA,NA,"Southern Va.",597202,5,"USA South",842,3,NA,"W",NA,"/contests/6339973/box_score","https://stats.ncaa.org/contests/6339973/box_score",6339973,3
2025,16779,597202,"02/15/2025","Mid-Atlantic Christ.",NA,5,NA,NA,NA,"Southern Va.",597202,8,"USA South",842,3,NA,"W","8","/contests/6349472/box_score","https://stats.ncaa.org/contests/6349472/box_score",6349472,3
2025,16779,596802,"02/07/2025","Tusculum",596790,14,"SAC",12850,2,"Ill. Springfield",596802,5,"GLVC",855,2,NA,"L",NA,"/contests/6355911/box_score","https://stats.ncaa.org/contests/6355911/box_score",6355911,3
2025,16779,596802,"02/07/2025","Tusculum",596790,5,"SAC",12850,2,"Ill. Springfield",596802,10,"GLVC",855,2,NA,"W","11","/contests/6339484/box_score","https://stats.ncaa.org/contests/6339484/box_score",6339484,3
2025,16779,596802,"02/08/2025","Tusculum",596790,12,"SAC",12850,2,"Ill. Springfield",596802,8,"GLVC",855,2,NA,"L",NA,"/contests/6339584/box_score","https://stats.ncaa.org/contests/6339584/box_score",6339584,3
2025,16779,596802,"02/08/2025","Tusculum",596790,5,"SAC",12850,2,"Ill. Springfield",596802,14,"GLVC",855,2,NA,"W",NA,"/contests/6349318/box_score","https://stats.ncaa.org/contests/6349318/box_score",6349318,3
2025,16779,597169,"02/16/2025","Marymount (VA)",597326,4,"Atlantic East",30233,3,"Stevenson",597169,3,"MAC Commonwealth",28744,3,NA,"L",NA,"/contests/6358951/box_score","https://stats.ncaa.org/contests/6358951/box_score",6358951,3
2025,16779,597169,"02/16/2025","Marymount (VA)",597326,16,"Atlantic East",30233,3,"Stevenson",597169,3,"MAC Commonwealth",28744,3,NA,"L",NA,"/contests/6340119/box_score","https://stats.ncaa.org/contests/6340119/box_score",6340119,3
2025,16779,597169,"02/22/2025","Notre Dame (MD)",601097,9,"United East",30071,3,"Stevenson",597169,12,"MAC Commonwealth",28744,3,NA,"W",NA,"/contests/6362296/box_score","https://stats.ncaa.org/contests/6362296/box_score",6362296,3
2025,16779,597044,"02/21/2025","Susquehanna",597044,4,"Landmark",30101,3,"Wash. & Lee ",597061,12,"ODAC",903,3,"Kannapolis, NC","L",NA,"/contests/6340311/box_score","https://stats.ncaa.org/contests/6340311/box_score",6340311,3
2025,16779,597045,"02/22/2025","Swarthmore",597045,9,"Centennial",9683,3,"Wash. & Lee ",597061,6,"ODAC",903,3,"Kannapolis, NC","W",NA,"/contests/6340597/box_score","https://stats.ncaa.org/contests/6340597/box_score",6340597,3
2025,16779,597134,"02/14/2025","Centenary (LA)",597246,4,"SCAC",835,3,"Texas Lutheran",597134,7,"SCAC",835,3,NA,"W",NA,"/contests/6339969/box_score","https://stats.ncaa.org/contests/6339969/box_score",6339969,3
2025,16779,597134,"02/14/2025","Centenary (LA)",597246,1,"SCAC",835,3,"Texas Lutheran",597134,9,"SCAC",835,3,NA,"W",NA,"/contests/6349468/box_score","https://stats.ncaa.org/contests/6349468/box_score",6349468,3
2025,16779,597134,"02/16/2025","Centenary (LA)",597246,2,"SCAC",835,3,"Texas Lutheran",597134,12,"SCAC",835,3,NA,"W",NA,"/contests/6339842/box_score","https://stats.ncaa.org/contests/6339842/box_score",6339842,3
2025,16779,597244,"02/22/2025","Principia ",597004,NA,"SLIAC",12974,3,"VTSU Castleton",597244,NA,"Little East",867,3,"Clarksville, AR",NA,NA,"/contests/6340591/box_score","https://stats.ncaa.org/contests/6340591/box_score",6340591,3
2025,16779,597062,"02/15/2025","Marymount (VA)",597326,15,"Atlantic East",30233,3,"Washington Col.",597062,6,"Centennial",9683,3,NA,"L",NA,"/contests/6358887/box_score","https://stats.ncaa.org/contests/6358887/box_score",6358887,3
2025,16779,597064,"02/14/2025","Augustana (IL) ",597218,5,"CCIW",836,3,"Webster",597064,1,"SLIAC",12974,3,"Memphis, TN","L",NA,"/contests/6339749/box_score","https://stats.ncaa.org/contests/6339749/box_score",6339749,3
2025,16779,597138,"02/15/2025","Whitworth",597138,2,"NWC",25300,3,"Eastern Ore.",NA,4,NA,NA,NA,NA,"L",NA,"/contests/6340042/box_score","https://stats.ncaa.org/contests/6340042/box_score",6340042,3
2025,16779,597138,"02/15/2025","Whitworth",597138,6,"NWC",25300,3,"Eastern Ore.",NA,5,NA,NA,NA,NA,"W",NA,"/contests/6339883/box_score","https://stats.ncaa.org/contests/6339883/box_score",6339883,3
2025,16779,597138,"02/15/2025","Whitworth",597138,5,"NWC",25300,3,"Eastern Ore.",NA,1,NA,NA,NA,NA,"W",NA,"/contests/6349403/box_score","https://stats.ncaa.org/contests/6349403/box_score",6349403,3
2025,16779,597138,"02/20/2025","Bethesda (CA)",NA,7,NA,NA,NA,"Whitworth",597138,9,"NWC",25300,3,NA,"W",NA,"/contests/6340199/box_score","https://stats.ncaa.org/contests/6340199/box_score",6340199,3
2025,16779,597165,"02/18/2025","William Peace",597165,3,"USA South",842,3,"St. Andrews",NA,4,NA,NA,NA,NA,"L","10","/contests/6340151/box_score","https://stats.ncaa.org/contests/6340151/box_score",6340151,3
